step,rollout/ep_len_mean,rollout/ep_rew_mean,time/fps,train/beta,train/fitness_score,train/mean_episodic_Re3_reward,train/mean_evaluation_length,train/mean_evaluation_reward,train/real_mean_ep_len,train/explained_variance,train/is_line_search_success,train/kl_divergence_loss,train/learning_rate,train/policy_objective,train/std,train/value_loss
65536,543.7100219726562,-111.79340362548828,6251.0,2.0,-111.21731567382812,210.5404052734375,134.38999938964844,-92.05701446533203,448.11199951171875,0.010014712810516357,1.0,0.004298513755202293,0.0010000000474974513,0.010111316107213497,1.0014221668243408,13.073655128479004
131072,534.2999877929688,-109.47514343261719,4285.0,1.9800000190734863,-101.108642578125,326.5433654785156,103.55999755859375,-96.8118667602539,274.63909912109375,0.8112288117408752,1.0,0.005071581341326237,0.0010000000474974513,0.008175218477845192,1.000779151916504,8.622319221496582
196608,547.2100219726562,-108.74626159667969,3885.0,1.9601999521255493,-102.66690826416016,307.29339599609375,72.98999786376953,-100.3447494506836,282.86065673828125,0.9011293649673462,1.0,0.005033466499298811,0.0010000000474974513,0.009427694603800774,1.0028750896453857,9.235013008117676
262144,548.4000244140625,-106.51802062988281,3345.0,1.9405980110168457,-102.97791290283203,278.5757751464844,1466.5,-37.2134895324707,283.3982238769531,0.9409350156784058,1.0,0.005068443715572357,0.0010000000474974513,0.010036224499344826,1.0048518180847168,8.934834480285645
327680,731.8200073242188,-105.80176544189453,3293.0,1.9211920499801636,-62.17713165283203,59.17338943481445,224.8800048828125,-109.1136245727539,1210.8251953125,0.94535231590271,1.0,0.004341642837971449,0.0010000000474974513,0.01123893354088068,0.9907797574996948,5.977736473083496
393216,1052.81005859375,-101.44051361083984,3097.0,1.9019800424575806,-107.54129028320312,127.1346664428711,1600.0,-43.09758377075195,491.88677978515625,0.9180295467376709,1.0,0.004470552317798138,0.0010000000474974513,0.011074048466980457,0.9839257597923279,2.03554105758667
458752,1190.22998046875,-97.37571716308594,2978.0,1.882960319519043,-52.467445373535156,37.177391052246094,1600.0,-49.77634811401367,1590.6273193359375,0.8051710724830627,1.0,0.006321855820715427,0.0010000000474974513,0.012238516472280025,0.9655916690826416,0.5290964245796204
524288,1463.25,-88.8138198852539,2909.0,1.8641307353973389,-56.23558807373047,39.148780822753906,1600.0,-55.86675262451172,1580.9876708984375,0.8148613572120667,1.0,0.00602043978869915,0.0010000000474974513,0.011807048693299294,0.9403648376464844,0.5242419838905334
589824,1538.6500244140625,-80.48828887939453,2859.0,1.8454893827438354,-59.30033493041992,40.33335494995117,1600.0,-71.10179138183594,1590.3974609375,0.809661328792572,1.0,0.0048723770305514336,0.0010000000474974513,0.012252504006028175,0.9280726313591003,0.38753390312194824
655360,1553.739990234375,-72.81509399414062,2821.0,1.8270344734191895,-69.8721694946289,40.605201721191406,1600.0,-81.31855010986328,1600.0,0.7580069303512573,1.0,0.007221348583698273,0.0010000000474974513,0.02210785262286663,0.906646728515625,0.10478892177343369
720896,1569.1700439453125,-62.69683837890625,2788.0,1.808764100074768,-74.770751953125,43.397830963134766,1600.0,-24.98898696899414,1600.0,0.8119363188743591,1.0,0.007874468341469765,0.0010000000474974513,0.02855268493294716,0.8784295320510864,0.13761018216609955
786432,1584.5400390625,-47.7056770324707,2761.0,1.790676474571228,-27.321430206298828,43.82139587402344,1600.0,76.34901428222656,1600.0,0.8381267189979553,1.0,0.008218132890760899,0.0010000000474974513,0.030730657279491425,0.8496924638748169,0.14344395697116852
851968,1600.0,-26.611103057861328,2736.0,1.7727696895599365,61.83802032470703,44.8069953918457,1600.0,78.5259017944336,1600.0,0.8581790328025818,1.0,0.008378159254789352,0.0010000000474974513,0.02662898600101471,0.8192565441131592,0.18566720187664032
917504,1576.5799560546875,-3.6999616622924805,2716.0,1.7550420761108398,66.18741607666016,45.29349136352539,1600.0,80.12200927734375,1585.453369140625,0.7595256567001343,1.0,0.0063645849004387856,0.0010000000474974513,0.01076243631541729,0.8007767200469971,0.25649985671043396
983040,1549.6600341796875,16.7330265045166,2698.0,1.7374916076660156,70.56261444091797,45.750244140625,1600.0,81.21186065673828,1583.279541015625,0.8818133473396301,1.0,0.005811173468828201,0.0010000000474974513,0.01439745258539915,0.7896699905395508,0.42240333557128906
1048576,1339.9100341796875,12.1014404296875,2713.0,1.7201167345046997,58.29228973388672,50.08964920043945,376.25,-82.81573486328125,1472.25146484375,0.8902838826179504,1.0,0.004939640872180462,0.0010000000474974513,0.008686617016792297,0.7680158019065857,3.251500368118286
1114112,1151.6400146484375,-1.861092209815979,2728.0,1.7029155492782593,-66.10581970214844,142.3690643310547,400.0,-76.8758544921875,504.8202819824219,0.9349892735481262,1.0,0.006189414765685797,0.0010000000474974513,0.010675889439880848,0.7698169350624084,4.974492073059082
1179648,1256.3499755859375,15.980705261230469,2713.0,1.6858863830566406,-51.696102142333984,114.4239501953125,1600.0,111.43080139160156,609.988037109375,0.93715500831604,1.0,0.0064229294657707214,0.0010000000474974513,0.010249873623251915,0.74261474609375,1.7145768404006958
1245184,1413.8800048828125,36.868526458740234,2705.0,1.66902756690979,99.95503997802734,43.58020782470703,1091.260009765625,17.831775665283203,1589.8062744140625,0.8888864517211914,1.0,0.005506685934960842,0.0010000000474974513,0.009440488182008266,0.7333839535713196,2.402087926864624
1310720,1526.260009765625,54.29365158081055,2691.0,1.6523371934890747,31.03583335876465,59.70627212524414,1540.3599853515625,120.91581726074219,1137.1136474609375,0.9343329071998596,1.0,0.006709685083478689,0.0010000000474974513,0.01400681957602501,0.7148613333702087,0.4224085509777069
1376256,1537.4100341796875,64.65612030029297,2677.0,1.63581383228302,111.8130874633789,43.68287658691406,948.3499755859375,18.259729385375977,1532.1962890625,0.9305984377861023,1.0,0.006740418262779713,0.0010000000474974513,0.011785579845309258,0.6986403465270996,1.0032644271850586
1441792,1448.3900146484375,65.56888580322266,2675.0,1.6194556951522827,25.87483024597168,67.58743286132812,983.4199829101562,32.96773910522461,985.4686279296875,0.9190875291824341,1.0,0.005721572320908308,0.0010000000474974513,0.008573474362492561,0.6786466836929321,1.9104419946670532
1507328,1359.22998046875,63.264381408691406,2664.0,1.6032612323760986,54.0386962890625,63.111366271972656,1163.1600341796875,77.95623016357422,1052.077880859375,0.9176886677742004,1.0,0.005360390990972519,0.0010000000474974513,0.010244867764413357,0.6793233156204224,3.5178091526031494
1572864,1390.8199462890625,73.49835968017578,2656.0,1.587228536605835,69.91437530517578,56.95181655883789,1172.449951171875,74.0338134765625,1134.6280517578125,0.9212234616279602,1.0,0.006097586825489998,0.0010000000474974513,0.009248370304703712,0.6830081939697266,2.7542495727539062
1638400,1455.760009765625,82.40438079833984,2647.0,1.5713562965393066,87.17408752441406,52.39609909057617,1487.75,139.1251983642578,1231.395751953125,0.8775537014007568,1.0,0.005282532889395952,0.0010000000474974513,0.00978655181825161,0.6669263243675232,1.306832194328308
1703936,1478.0899658203125,87.69942474365234,2640.0,1.5556427240371704,138.00396728515625,42.880523681640625,1469.8499755859375,133.15623474121094,1487.0802001953125,0.9004366397857666,1.0,0.006938213482499123,0.0010000000474974513,0.012636709958314896,0.6485108137130737,0.9421521425247192
1769472,1533.510009765625,100.84558868408203,2636.0,1.540086269378662,135.89663696289062,42.778812408447266,1395.22998046875,129.7290496826172,1488.01220703125,0.9039022326469421,1.0,0.005397206172347069,0.0010000000474974513,0.01130271889269352,0.6296522617340088,0.9010335803031921
1835008,1476.780029296875,99.90987396240234,2634.0,1.5246853828430176,130.74977111816406,46.92107391357422,1083.6400146484375,79.31864929199219,1362.625,0.9197738766670227,1.0,0.007548391353338957,0.0010000000474974513,0.014025307260453701,0.6226969957351685,4.260789394378662
1900544,1456.199951171875,103.07137298583984,2632.0,1.5094386339187622,92.16668701171875,56.12362289428711,1345.030029296875,111.46106719970703,1103.12353515625,0.9295953512191772,1.0,0.006036906503140926,0.0010000000474974513,0.009992580860853195,0.6110173463821411,1.4482777118682861
1966080,1454.1800537109375,108.88817596435547,2627.0,1.4943442344665527,126.98426055908203,45.650081634521484,1482.5699462890625,187.0385284423828,1364.55322265625,0.9165836572647095,1.0,0.006286165677011013,0.0010000000474974513,0.013973064720630646,0.6005904674530029,1.2164891958236694
2031616,1459.5799560546875,117.77661895751953,2626.0,1.4794007539749146,171.87857055664062,43.222434997558594,1099.530029296875,122.72852325439453,1443.5174560546875,0.899331271648407,1.0,0.00447316886857152,0.0010000000474974513,0.014072692953050137,0.5950698852539062,3.082338333129883
2097152,1360.5799560546875,107.1694107055664,2621.0,1.464606761932373,133.14195251464844,55.25023651123047,1171.050048828125,147.9141082763672,1127.9254150390625,0.9168513417243958,1.0,0.004700329154729843,0.0010000000474974513,0.015283143147826195,0.5937894582748413,3.9439945220947266
2162688,1368.72998046875,116.38128662109375,2616.0,1.449960708618164,158.2552032470703,51.38372039794922,1539.510009765625,265.1861572265625,1198.279541015625,0.9186251759529114,1.0,0.006046265363693237,0.0010000000474974513,0.014981050044298172,0.5841206312179565,2.2062854766845703
2228224,1469.989990234375,137.27818298339844,2613.0,1.4354610443115234,254.65052795410156,38.251644134521484,1597.739990234375,264.4659118652344,1554.4140625,0.855221152305603,1.0,0.007255136035382748,0.0010000000474974513,0.016026731580495834,0.5654422640800476,0.554581880569458
2293760,1488.6199951171875,147.78089904785156,2609.0,1.4211064577102661,241.75741577148438,37.026512145996094,1334.699951171875,216.7019500732422,1569.8944091796875,0.9403951168060303,1.0,0.005948609206825495,0.0010000000474974513,0.013391545042395592,0.550453782081604,1.2517976760864258
2359296,1536.800048828125,168.9617156982422,2606.0,1.406895399093628,241.75546264648438,40.48365020751953,1444.699951171875,273.8215637207031,1393.3734130859375,0.8985780477523804,1.0,0.005730711854994297,0.0010000000474974513,0.01175263524055481,0.5351401567459106,0.764860987663269
2424832,1530.0400390625,180.85105895996094,2604.0,1.3928264379501343,281.8581848144531,38.34613037109375,1405.3800048828125,264.211181640625,1444.6190185546875,0.9232117533683777,1.0,0.006295441649854183,0.0010000000474974513,0.011108126491308212,0.5169658660888672,0.9963401556015015
2490368,1491.77001953125,188.0341033935547,2602.0,1.3788981437683105,258.3752746582031,38.3663330078125,1269.1300048828125,233.4586944580078,1400.099365234375,0.9299594759941101,1.0,0.005930013954639435,0.0010000000474974513,0.01331423781812191,0.5094668865203857,2.6486518383026123
2555904,1457.719970703125,189.13348388671875,2601.0,1.3651092052459717,242.590087890625,40.33873748779297,1278.4200439453125,256.15631103515625,1314.3536376953125,0.9196865558624268,1.0,0.006201194133609533,0.0010000000474974513,0.014043848030269146,0.5022519826889038,2.4498472213745117
2621440,1485.0,202.4059600830078,2600.0,1.3514580726623535,265.9451599121094,38.71807861328125,1334.3800048828125,281.3212890625,1344.063232421875,0.7321036458015442,1.0,0.006299272179603577,0.0010000000474974513,0.014848780818283558,0.4905378818511963,0.7781277894973755
2686976,1478.68994140625,204.34495544433594,2600.0,1.3379435539245605,292.8290710449219,37.8178596496582,1346.8399658203125,277.66351318359375,1358.39306640625,0.9030840992927551,1.0,0.0059044249355793,0.0010000000474974513,0.01152939721941948,0.48282745480537415,3.2617990970611572
2752512,1525.469970703125,221.22691345214844,2598.0,1.3245640993118286,284.5157775878906,36.016136169433594,1355.8900146484375,282.8246765136719,1382.894775390625,0.9046348929405212,1.0,0.006813574582338333,0.0010000000474974513,0.013214047998189926,0.46950533986091614,1.4119315147399902
2818048,1506.6500244140625,222.54049682617188,2597.0,1.3113183975219727,282.7959289550781,35.329139709472656,1327.780029296875,285.0269470214844,1392.878173828125,0.8852115273475647,1.0,0.0069610606878995895,0.0010000000474974513,0.012025132775306702,0.4611131250858307,1.1226545572280884
2883584,1526.9599609375,237.27748107910156,2597.0,1.2982052564620972,278.3006896972656,36.03665542602539,1277.3399658203125,280.06744384765625,1361.9437255859375,0.8669973015785217,1.0,0.007293393835425377,0.0010000000474974513,0.01357821375131607,0.4494253993034363,1.6110296249389648
2949120,1458.0899658203125,229.46920776367188,2597.0,1.2852232456207275,285.9655456542969,37.31876754760742,1175.6099853515625,255.7139129638672,1289.13818359375,0.9030957221984863,1.0,0.006135417148470879,0.0010000000474974513,0.011345932260155678,0.4388817548751831,4.422362327575684
3014656,1385.0999755859375,222.22213745117188,2597.0,1.2723709344863892,260.39385986328125,39.425926208496094,1208.8399658203125,267.8199157714844,1205.7650146484375,0.9042938947677612,1.0,0.006548009812831879,0.0010000000474974513,0.012555964291095734,0.42770159244537354,4.281039714813232
3080192,1369.449951171875,228.03639221191406,2597.0,1.259647250175476,281.1456298828125,37.54226303100586,1205.0899658203125,274.9345703125,1248.4620361328125,0.8042186498641968,1.0,0.006572759710252285,0.0010000000474974513,0.01361679658293724,0.4176347851753235,2.1662423610687256
3145728,1373.9300537109375,240.00814819335938,2597.0,1.2470507621765137,288.12353515625,37.3076171875,1163.3800048828125,272.1283264160156,1219.593505859375,0.9276109933853149,1.0,0.006967189721763134,0.0010000000474974513,0.01216713897883892,0.4055088758468628,4.897881031036377
3211264,1356.8900146484375,247.29429626464844,2598.0,1.2345802783966064,297.0658264160156,37.494789123535156,1177.6199951171875,281.8475036621094,1194.7467041015625,0.8399688005447388,1.0,0.0066582984291017056,0.0010000000474974513,0.01980402320623398,0.39655065536499023,2.585829734802246
3276800,1329.1300048828125,246.78326416015625,2598.0,1.2222344875335693,287.1138916015625,37.18329620361328,1189.9000244140625,286.7402038574219,1200.5350341796875,0.9005273580551147,1.0,0.006634359247982502,0.0010000000474974513,0.011532767675817013,0.3915058672428131,3.5896010398864746
3342336,1286.8800048828125,241.1892547607422,2599.0,1.2100120782852173,288.2955322265625,35.469268798828125,1205.6099853515625,292.52947998046875,1202.84375,0.8915627002716064,1.0,0.006988223642110825,0.0010000000474974513,0.017034480348229408,0.38637223839759827,2.6321377754211426
3407872,1299.22998046875,253.56300354003906,2600.0,1.1979119777679443,312.3700866699219,34.40281677246094,1197.1800537109375,291.8793029785156,1232.2652587890625,0.7136003971099854,1.0,0.008290767669677734,0.0010000000474974513,0.014124305918812752,0.37439605593681335,1.8431780338287354
3473408,1302.510009765625,264.28369140625,2600.0,1.1859328746795654,296.17108154296875,35.41969680786133,1160.3699951171875,287.53753662109375,1206.197509765625,0.8674030303955078,1.0,0.0072286371141672134,0.0010000000474974513,0.011215336620807648,0.36581873893737793,2.8414487838745117
3538944,1262.3599853515625,257.5330810546875,2601.0,1.174073576927185,304.70013427734375,35.51580810546875,1147.6800537109375,293.4842834472656,1171.0264892578125,0.8372088670730591,1.0,0.007075554225593805,0.0010000000474974513,0.01112891361117363,0.360565721988678,4.33546781539917
3604480,1237.1300048828125,258.5699768066406,2602.0,1.1623327732086182,302.89752197265625,35.53841781616211,1107.0699462890625,288.5794677734375,1169.42578125,0.7168402075767517,1.0,0.0073590087704360485,0.0010000000474974513,0.01187051460146904,0.35311898589134216,2.8769001960754395
3670016,1224.0699462890625,264.63226318359375,2603.0,1.1507095098495483,298.4074401855469,35.813255310058594,1067.030029296875,273.0628356933594,1122.628173828125,0.8571131229400635,1.0,0.007229591719806194,0.0010000000474974513,0.009830716997385025,0.3463268280029297,4.277548789978027
3735552,1209.3900146484375,268.24761962890625,2604.0,1.139202356338501,286.7019348144531,36.850440979003906,1102.8299560546875,287.5997619628906,1089.42236328125,0.8234030604362488,1.0,0.007604051381349564,0.0010000000474974513,0.014406297355890274,0.3410003185272217,3.7377283573150635
3801088,1166.030029296875,257.330078125,2605.0,1.1278103590011597,286.4263610839844,35.91325378417969,1074.81005859375,275.90667724609375,1101.3619384765625,0.8644176721572876,1.0,0.0067718494683504105,0.0010000000474974513,0.010188071988523006,0.33495765924453735,5.43163537979126
3866624,1137.56005859375,248.71690368652344,2605.0,1.116532325744629,282.7178649902344,36.329341888427734,1025.6600341796875,260.5517272949219,1081.4259033203125,0.8784583210945129,1.0,0.007506795227527618,0.0010000000474974513,0.012843867763876915,0.3313629627227783,5.9118170738220215
3932160,1166.47998046875,267.5957946777344,2606.0,1.1053669452667236,283.30340576171875,36.34470748901367,1069.9599609375,281.99505615234375,1056.043212890625,0.574408769607544,1.0,0.007833094336092472,0.0010000000474974513,0.014190332032740116,0.32018738985061646,2.6449549198150635
3997696,1170.18994140625,274.3898620605469,2607.0,1.0943132638931274,297.4465026855469,34.3352165222168,1067.8699951171875,287.8762512207031,1092.49365234375,0.8198477029800415,1.0,0.007945790886878967,0.0010000000474974513,0.01293687429279089,0.31130290031433105,3.106599807739258
4063232,1146.510009765625,273.74810791015625,2608.0,1.0833702087402344,291.057373046875,35.134613037109375,1060.6800537109375,285.7989196777344,1066.147216796875,0.8465290665626526,1.0,0.007989802397787571,0.0010000000474974513,0.013496950268745422,0.3081203103065491,3.8977530002593994
4128768,1102.31005859375,262.9212341308594,2610.0,1.0725364685058594,306.12933349609375,34.78177261352539,1023.6300048828125,278.08526611328125,1052.019775390625,0.7744518518447876,1.0,0.007460916880518198,0.0010000000474974513,0.012439357116818428,0.3031997084617615,7.782254695892334
4194304,1070.3699951171875,254.23475646972656,2610.0,1.061811089515686,285.81591796875,35.15868377685547,1023.1099853515625,279.0838623046875,1034.5030517578125,0.8343234062194824,1.0,0.00817039143294096,0.0010000000474974513,0.011979635804891586,0.2998526692390442,5.698939323425293
4259840,1058.739990234375,249.98655700683594,2611.0,1.0511929988861084,289.03204345703125,34.80913543701172,1048.5899658203125,289.782470703125,1026.9813232421875,0.8737917542457581,1.0,0.007665093056857586,0.0010000000474974513,0.012760557234287262,0.28900834918022156,6.312526226043701
4325376,1064.7900390625,252.72657775878906,2612.0,1.040681004524231,293.8465576171875,33.19388198852539,1051.0400390625,294.2481384277344,1046.968994140625,0.8553293943405151,1.0,0.0077461181208491325,0.0010000000474974513,0.012213143520057201,0.28466635942459106,4.831686496734619
4390912,1092.1500244140625,267.1046142578125,2613.0,1.0302742719650269,298.28607177734375,32.25316619873047,1061.9100341796875,299.5675354003906,1063.5589599609375,0.8402982950210571,1.0,0.008140168152749538,0.0010000000474974513,0.010632229037582874,0.2780049443244934,4.627043724060059
4456448,1110.4200439453125,280.085693359375,2614.0,1.019971489906311,305.0519714355469,31.707508087158203,1056.0799560546875,296.64990234375,1061.917236328125,0.8024555444717407,1.0,0.008485876023769379,0.0010000000474974513,0.011889306828379631,0.2777315378189087,3.914410352706909
4521984,1108.0899658203125,282.39129638671875,2616.0,1.0097718238830566,302.3056945800781,31.690425872802734,1038.6300048828125,291.8061828613281,1068.2264404296875,0.7869292497634888,1.0,0.008454707451164722,0.0010000000474974513,0.011981859803199768,0.27442651987075806,3.373666524887085
4587520,1097.780029296875,281.26763916015625,2617.0,0.9996740818023682,301.68408203125,31.210521697998047,1048.4300537109375,303.20953369140625,1053.234130859375,0.8559616804122925,1.0,0.008375056087970734,0.0010000000474974513,0.010853679850697517,0.27538225054740906,3.188791275024414
4653056,1079.699951171875,280.3172912597656,2618.0,0.9896773099899292,313.8407287597656,31.75617218017578,1025.030029296875,293.4185485839844,1043.6405029296875,0.8318440914154053,1.0,0.008212215267121792,0.0010000000474974513,0.0140822883695364,0.2715904116630554,4.814014434814453
4718592,1071.0400390625,282.2345275878906,2619.0,0.9797805547714233,304.0194396972656,31.601152420043945,1011.4199829101562,295.99603271484375,1032.2974853515625,0.7196641564369202,1.0,0.008323385380208492,0.0010000000474974513,0.01022444386035204,0.27318212389945984,3.756721019744873
4784128,1065.2900390625,286.0533447265625,2620.0,0.9699827432632446,303.6127624511719,30.671213150024414,1006.4099731445312,300.5213623046875,1026.1180419921875,0.675013542175293,1.0,0.008648859336972237,0.0010000000474974513,0.08417235314846039,0.2706267535686493,4.022874355316162
4849664,1065.75,290.6146240234375,2621.0,0.9602829217910767,303.26416015625,30.637754440307617,996.219970703125,297.9131774902344,1015.2937622070312,0.744202733039856,1.0,0.00864962674677372,0.0010000000474974513,0.012495342642068863,0.26723840832710266,3.6048479080200195
4915200,1049.6500244140625,284.70318603515625,2622.0,0.9506800770759583,302.8935546875,31.618154525756836,956.239990234375,273.5391845703125,998.0999755859375,0.8189496994018555,1.0,0.008892560377717018,0.0010000000474974513,0.012687468901276588,0.26496875286102295,5.34402322769165
4980736,1045.280029296875,285.921630859375,2623.0,0.941173255443573,292.6701354980469,31.848037719726562,977.1799926757812,288.03564453125,974.10693359375,0.5980121493339539,1.0,0.008367830887436867,0.0010000000474974513,0.013288140296936035,0.25928378105163574,4.978310585021973
5046272,1045.050048828125,289.8824157714844,2625.0,0.9317615628242493,308.7508544921875,30.699289321899414,970.5999755859375,290.2486267089844,985.6474609375,0.651870608329773,1.0,0.008902130648493767,0.0010000000474974513,0.010534988716244698,0.25929951667785645,4.665502548217773
5111808,1038.75,290.5843811035156,2626.0,0.9224439263343811,302.7985534667969,30.705883026123047,965.4400024414062,287.31781005859375,978.4755859375,0.7523423433303833,1.0,0.008587362244725227,0.0010000000474974513,0.010809515602886677,0.2563090920448303,5.304365158081055
5177344,1042.6099853515625,296.3006591796875,2627.0,0.9132195115089417,321.3526306152344,30.269123077392578,990.6300048828125,299.765380859375,980.275146484375,0.49079060554504395,1.0,0.00803133100271225,0.0010000000474974513,0.012124682776629925,0.25494226813316345,3.5042672157287598
5242880,1050.3599853515625,300.417236328125,2628.0,0.9040873050689697,308.5827331542969,29.278411865234375,964.9400024414062,289.6537780761719,997.4303588867188,0.5307057499885559,1.0,0.008659033104777336,0.0010000000474974513,0.010217830538749695,0.2499198317527771,3.6270151138305664
5308416,1043.0699462890625,297.6186828613281,2629.0,0.8950464129447937,305.44476318359375,29.63141441345215,978.3800048828125,292.57525634765625,977.1635131835938,0.6788995265960693,1.0,0.008553667925298214,0.0010000000474974513,0.011593110859394073,0.2479393035173416,3.82700777053833
5373952,1021.1199951171875,286.73016357421875,2630.0,0.8860959410667419,291.5234375,29.52667236328125,984.6300048828125,300.3401184082031,960.8231811523438,0.8291764259338379,1.0,0.008430148474872112,0.0010000000474974513,0.012001639232039452,0.2460445612668991,5.468392848968506
5439488,1017.52001953125,286.96661376953125,2631.0,0.8772349953651428,308.36505126953125,27.630064010620117,975.8400268554688,296.9531555175781,996.5750122070312,0.48256993293762207,1.0,0.009224873036146164,0.0010000000474974513,0.011737560853362083,0.24456289410591125,4.075357913970947
5505024,1010.3300170898438,288.2798767089844,2632.0,0.8684626817703247,312.7862243652344,27.692001342773438,986.1500244140625,304.31585693359375,989.4619750976562,0.661177396774292,1.0,0.00897169392555952,0.0010000000474974513,0.010839121416211128,0.24471811950206757,5.772914409637451
5570560,1021.4600219726562,300.5586242675781,2632.0,0.8597780466079712,309.2596130371094,27.156814575195312,958.239990234375,295.142578125,995.6666870117188,0.41886693239212036,1.0,0.008800067007541656,0.0010000000474974513,0.010285794734954834,0.23990605771541595,5.200430870056152
5636096,1021.0499877929688,303.5926513671875,2633.0,0.8511802554130554,329.68408203125,26.826889038085938,946.6199951171875,291.5094299316406,977.435302734375,0.3832263946533203,1.0,0.009068289771676064,0.0010000000474974513,0.010639825835824013,0.23714250326156616,6.244906425476074
5701632,1019.6799926757812,303.6679382324219,2634.0,0.8426684737205505,306.2219543457031,27.194787979125977,969.6599731445312,300.8828125,962.1787719726562,0.391646146774292,1.0,0.008860733360052109,0.0010000000474974513,0.01070216204971075,0.23652179539203644,6.035426616668701
5767168,1012.47998046875,301.37152099609375,2635.0,0.8342417478561401,332.47601318359375,26.55526351928711,968.4099731445312,301.6676025390625,982.077392578125,0.5867691040039062,1.0,0.008596674539148808,0.0010000000474974513,0.0107332244515419,0.23618249595165253,6.9841227531433105
5832704,1005.8900146484375,297.2029724121094,2636.0,0.8258993625640869,336.2594909667969,26.330097198486328,988.4600219726562,306.2168273925781,980.8125,0.729765772819519,1.0,0.009083310142159462,0.0010000000474974513,0.01070126611739397,0.23385393619537354,6.689417362213135
5898240,1011.6799926757812,296.97015380859375,2637.0,0.8176403641700745,304.2080078125,26.083181381225586,958.72998046875,293.93182373046875,989.3370361328125,0.7615229487419128,1.0,0.008786169812083244,0.0010000000474974513,0.011392821557819843,0.23446999490261078,7.3274946212768555
5963776,1002.9500122070312,289.81048583984375,2638.0,0.8094639182090759,312.04388427734375,26.828981399536133,993.0700073242188,307.8337097167969,968.6181640625,0.8071556091308594,1.0,0.008881693705916405,0.0010000000474974513,0.01166487019509077,0.2316041886806488,7.833444595336914
6029312,1015.3699951171875,298.5674133300781,2638.0,0.801369309425354,321.9559631347656,25.206932067871094,984.3499755859375,303.0227966308594,1000.4488525390625,0.27099859714508057,1.0,0.009177450090646744,0.0010000000474974513,0.01287841983139515,0.23126599192619324,6.29543924331665
6094848,1012.280029296875,300.3362731933594,2639.0,0.7933555841445923,314.0805358886719,24.867734909057617,974.3800048828125,300.66925048828125,990.7118530273438,0.6713437438011169,1.0,0.008885578252375126,0.0010000000474974513,0.011369757354259491,0.23131105303764343,6.936245441436768
6160384,1008.489990234375,299.7983703613281,2640.0,0.7854220271110535,330.2647705078125,25.210508346557617,974.280029296875,302.6560363769531,979.7836303710938,0.6178849339485168,1.0,0.008407780900597572,0.0010000000474974513,0.011280568316578865,0.23084959387779236,6.624574661254883
6225920,1000.4099731445312,297.5697021484375,2641.0,0.7775678634643555,304.1980895996094,25.030658721923828,979.5499877929688,301.939697265625,975.55615234375,0.7730824947357178,1.0,0.009027762338519096,0.0010000000474974513,0.011600137688219547,0.2299409806728363,7.07668924331665
6291456,1010.77001953125,300.6119079589844,2641.0,0.7697921395301819,305.29229736328125,24.42768096923828,980.9600219726562,307.0423889160156,987.55615234375,0.7285903692245483,1.0,0.009027862921357155,0.0010000000474974513,0.011555226519703865,0.22854997217655182,7.699808597564697
6356992,1008.3099975585938,298.43585205078125,2642.0,0.762094259262085,326.48126220703125,24.21775245666504,963.4299926757812,298.0313720703125,984.1796264648438,0.5707879066467285,1.0,0.008733987808227539,0.0010000000474974513,0.015870846807956696,0.22727349400520325,6.965780735015869
6422528,1016.3900146484375,304.6296691894531,2643.0,0.7544732689857483,320.9179992675781,24.0762882232666,977.780029296875,303.4722595214844,970.1136474609375,0.30481773614883423,1.0,0.008821485564112663,0.0010000000474974513,0.010240761563181877,0.22713494300842285,6.717790126800537
6488064,1013.4299926757812,304.7994689941406,2643.0,0.7469285726547241,315.6881408691406,23.47149085998535,975.7100219726562,302.6153869628906,986.575439453125,0.3477306365966797,1.0,0.00922029372304678,0.0010000000474974513,0.011935126036405563,0.22196590900421143,6.588554382324219
6553600,1010.780029296875,301.3260803222656,2644.0,0.7394592761993408,307.4573059082031,23.266752243041992,995.010009765625,309.1812438964844,985.8128051757812,0.6629677414894104,1.0,0.009112808853387833,0.0010000000474974513,0.010765865445137024,0.22369900345802307,7.092758655548096
6619136,1013.5700073242188,303.85748291015625,2644.0,0.7320646643638611,310.701416015625,22.630102157592773,990.02001953125,308.3038024902344,998.1764526367188,0.3386353850364685,1.0,0.00908977072685957,0.0010000000474974513,0.010971765033900738,0.22186845541000366,6.38602352142334
6684672,1012.6599731445312,305.2514343261719,2644.0,0.7247440218925476,309.91046142578125,22.73362159729004,985.8699951171875,309.8404846191406,996.8648681640625,0.34888648986816406,1.0,0.008996864780783653,0.0010000000474974513,0.010764071717858315,0.22247101366519928,6.413546562194824
6750208,1007.3699951171875,302.65875244140625,2645.0,0.7174965739250183,313.4866943359375,22.816884994506836,987.489990234375,310.8082275390625,988.8324584960938,0.5351635217666626,1.0,0.00920909084379673,0.0010000000474974513,0.009807348251342773,0.22077077627182007,6.901713848114014
6815744,1001.1400146484375,298.64215087890625,2646.0,0.7103216052055359,311.90234375,22.821908950805664,976.9500122070312,305.82568359375,991.576904296875,0.7159337401390076,1.0,0.008867498487234116,0.0010000000474974513,0.00669661583378911,0.2177315652370453,6.818275451660156
6881280,1014.510009765625,306.324951171875,2646.0,0.703218400478363,315.0343322753906,22.343969345092773,984.3800048828125,311.2547607421875,988.4722290039062,0.3712526559829712,1.0,0.008531037718057632,0.0010000000474974513,0.0019817305728793144,0.21711605787277222,6.949171543121338
6946816,1013.1799926757812,306.5656433105469,2647.0,0.6961862444877625,319.20758056640625,22.009937286376953,981.9199829101562,312.0370178222656,987.240234375,0.35107582807540894,1.0,0.00923674926161766,0.0010000000474974513,0.010311838239431381,0.21613821387290955,6.3201093673706055
7012352,1012.8400268554688,306.8813171386719,2648.0,0.689224362373352,320.88824462890625,21.819896697998047,984.4400024414062,311.73944091796875,991.3661499023438,0.3339441418647766,1.0,0.009317299351096153,0.0010000000474974513,0.009932772256433964,0.21370451152324677,6.885125160217285
7077888,1005.9500122070312,304.88238525390625,2648.0,0.6823320984840393,313.083251953125,21.228710174560547,975.6199951171875,310.3092346191406,989.675537109375,0.4763912558555603,1.0,0.008960055187344551,0.0010000000474974513,0.012011053040623665,0.2125304937362671,6.866817474365234
7143424,1003.0700073242188,304.34381103515625,2649.0,0.6755087971687317,312.3023376464844,21.209556579589844,975.5900268554688,307.87750244140625,983.4598999023438,0.5322036147117615,1.0,0.009094562381505966,0.0010000000474974513,0.010643556714057922,0.21205957233905792,6.9300127029418945
7208960,1003.8400268554688,304.27740478515625,2650.0,0.6687537431716919,334.6988220214844,21.150341033935547,978.7000122070312,310.92840576171875,984.3275146484375,0.3282417058944702,1.0,0.009076947346329689,0.0010000000474974513,0.01163423340767622,0.21177411079406738,6.274191856384277
7274496,1006.1599731445312,307.8588562011719,2650.0,0.6620661616325378,327.74700927734375,20.303030014038086,961.1199951171875,305.5313720703125,983.575439453125,0.33039170503616333,1.0,0.009079426527023315,0.0010000000474974513,0.008851790800690651,0.2092742621898651,6.9177141189575195
7340032,993.010009765625,301.4588928222656,2651.0,0.6554455161094666,325.4926452636719,20.613483428955078,975.1300048828125,310.3614196777344,967.7542114257812,0.6828792691230774,1.0,0.008869374170899391,0.0010000000474974513,0.011224566027522087,0.20878750085830688,7.815540313720703
7405568,1000.2000122070312,303.8636779785156,2651.0,0.648891031742096,316.1571960449219,20.17377471923828,967.9299926757812,308.8394470214844,984.0324096679688,0.5052233934402466,1.0,0.008826831355690956,0.0010000000474974513,0.008735590614378452,0.20837557315826416,7.254150390625
7471104,1001.5700073242188,306.40777587890625,2652.0,0.642402172088623,317.4665832519531,19.999174118041992,974.6799926757812,312.9570007324219,979.9358520507812,0.3128865957260132,1.0,0.009288609027862549,0.0010000000474974513,0.009990989230573177,0.20814338326454163,6.936036109924316
7536640,1003.6699829101562,308.5679626464844,2653.0,0.635978102684021,317.5636291503906,19.87774085998535,963.4600219726562,309.8296203613281,984.1322631835938,0.31182706356048584,1.0,0.009213079698383808,0.0010000000474974513,0.010318891145288944,0.2060571014881134,7.224183559417725
7602176,1001.760009765625,308.731689453125,2653.0,0.6296183466911316,317.8501892089844,19.899791717529297,970.739990234375,313.0464172363281,975.89306640625,0.3100348114967346,1.0,0.009532082825899124,0.0010000000474974513,0.009400568902492523,0.2071499526500702,7.235483646392822
7667712,1001.2899780273438,308.9794616699219,2654.0,0.6233221888542175,319.9924621582031,19.514009475708008,964.6300048828125,311.9149475097656,981.3709716796875,0.31647437810897827,1.0,0.008585412055253983,0.0010000000474974513,0.010186455212533474,0.20596231520175934,7.208297252655029
7733248,1004.030029296875,309.18646240234375,2654.0,0.6170889139175415,324.86517333984375,19.658184051513672,975.2899780273438,313.3505859375,977.4444580078125,0.3224220871925354,1.0,0.009132012724876404,0.0010000000474974513,0.010167304426431656,0.20405448973178864,6.860757827758789
7798784,1006.3599853515625,309.22869873046875,2655.0,0.6109180450439453,316.3658447265625,19.38899803161621,968.27001953125,311.0567321777344,985.118896484375,0.33649998903274536,1.0,0.00930894073098898,0.0010000000474974513,0.010101569816470146,0.20434020459651947,6.801761150360107
7864320,1002.780029296875,309.61968994140625,2655.0,0.6048088669776917,315.1767272949219,19.430986404418945,972.0800170898438,313.68255615234375,976.291015625,0.32524359226226807,1.0,0.009049949236214161,0.0010000000474974513,0.008889073505997658,0.20442673563957214,7.095181465148926
7929856,1005.510009765625,309.58489990234375,2656.0,0.5987607836723328,326.1719970703125,19.37244415283203,970.3400268554688,313.9776611328125,983.56982421875,0.32037144899368286,1.0,0.009556828066706657,0.0010000000474974513,0.009223256260156631,0.2044895589351654,6.952070713043213
7995392,1006.5700073242188,309.6971435546875,2656.0,0.5927731990814209,315.09649658203125,19.412599563598633,969.4099731445312,312.59942626953125,981.9685668945312,0.3404057025909424,1.0,0.008959796279668808,0.0010000000474974513,0.011647176928818226,0.20240700244903564,7.057222366333008
8060928,1007.3400268554688,309.69232177734375,2657.0,0.5868454575538635,334.66241455078125,19.05126190185547,968.4500122070312,312.914794921875,981.4913330078125,0.3598025441169739,1.0,0.009160755202174187,0.0010000000474974513,0.01119560282677412,0.19977164268493652,6.68082332611084
8126464,1000.4500122070312,307.2280578613281,2657.0,0.5809769630432129,322.5692138671875,18.870967864990234,964.8900146484375,309.9934387207031,976.0718383789062,0.5682436227798462,1.0,0.008876750245690346,0.0010000000474974513,0.010088242590427399,0.19931429624557495,6.7438063621521
8192000,1001.8699951171875,307.393310546875,2658.0,0.5751672387123108,330.6576232910156,18.82221221923828,964.1199951171875,308.53192138671875,977.375,0.6052765846252441,1.0,0.00935564748942852,0.0010000000474974513,0.01033963356167078,0.19994768500328064,7.174993515014648
8257536,1002.75,307.4563293457031,2658.0,0.5694155693054199,326.8088684082031,18.770727157592773,968.969970703125,307.61871337890625,977.2415771484375,0.3408699631690979,1.0,0.009089088998734951,0.0010000000474974513,0.011513415724039078,0.19653326272964478,6.7222208976745605
8323072,1010.1699829101562,308.0588684082031,2659.0,0.5637214183807373,337.5111083984375,18.582286834716797,978.030029296875,313.409912109375,983.1915893554688,0.6118974685668945,1.0,0.009134810417890549,0.0010000000474974513,0.011354824528098106,0.19670820236206055,6.255137920379639
8388608,1009.030029296875,306.2649841308594,2659.0,0.5580841898918152,325.56884765625,18.29949951171875,978.6400146484375,307.1677551269531,985.1299438476562,0.5750625133514404,1.0,0.009474974125623703,0.0010000000474974513,0.01254950650036335,0.1965341866016388,6.9461846351623535
8454144,1001.1599731445312,304.9427185058594,2660.0,0.5525033473968506,318.023681640625,18.089975357055664,975.3699951171875,314.1908874511719,984.6685180664062,0.5963743329048157,1.0,0.009090034291148186,0.0010000000474974513,0.008579621091485023,0.1967596560716629,7.061607360839844
8519680,1007.0900268554688,309.9238586425781,2660.0,0.5469782948493958,321.1267395019531,17.7951602935791,971.010009765625,314.1821594238281,984.6393432617188,0.37957751750946045,1.0,0.009218904189765453,0.0010000000474974513,0.010789662599563599,0.19668817520141602,6.902980327606201
8585216,983.969970703125,299.5897521972656,2660.0,0.5415084958076477,322.1302490234375,17.759790420532227,967.8200073242188,312.46966552734375,969.8131713867188,0.7626726627349854,1.0,0.009164215065538883,0.0010000000474974513,0.009996118023991585,0.19649876654148102,8.08879566192627
8650752,990.4199829101562,303.7516174316406,2661.0,0.5360934138298035,314.7448425292969,17.183698654174805,962.9299926757812,311.9732666015625,977.3817138671875,0.6297902464866638,1.0,0.009545388631522655,0.0010000000474974513,0.011999846436083317,0.19680491089820862,7.541439533233643
8716288,999.7999877929688,306.6330871582031,2661.0,0.5307325124740601,314.5887756347656,17.127323150634766,964.02001953125,314.7427673339844,973.9735717773438,0.7010014057159424,1.0,0.00925267580896616,0.0010000000474974513,0.010745933279395103,0.19737721979618073,8.31700611114502
8781824,1000.8499755859375,309.02471923828125,2662.0,0.5254251956939697,333.8608093261719,16.861892700195312,959.8099975585938,310.77813720703125,975.0,0.35546839237213135,1.0,0.009183470159769058,0.0010000000474974513,0.01223248802125454,0.19561448693275452,7.401773929595947
8847360,999.4199829101562,310.5325927734375,2662.0,0.5201709270477295,315.7574157714844,16.75202178955078,958.02001953125,310.5594177246094,974.0846557617188,0.36660635471343994,1.0,0.009340289980173111,0.0010000000474974513,0.009819870814681053,0.19475173950195312,7.216391086578369
8912896,998.8200073242188,307.7181396484375,2662.0,0.5149692296981812,320.315673828125,16.52738380432129,964.1599731445312,308.49169921875,971.9235229492188,0.5660710334777832,1.0,0.00952090136706829,0.0010000000474974513,0.011421591974794865,0.19443479180335999,8.092682838439941
8978432,990.3499755859375,299.3158874511719,2663.0,0.509819507598877,313.3707580566406,16.485584259033203,972.030029296875,313.78375244140625,973.7978515625,0.8080859780311584,1.0,0.009398950263857841,0.0010000000474974513,0.01150474138557911,0.1957741528749466,9.28718376159668
9043968,1002.0800170898438,307.4037170410156,2663.0,0.5047213435173035,324.07373046875,16.214611053466797,966.5700073242188,310.2099304199219,976.8626098632812,0.3127623200416565,1.0,0.009091593325138092,0.0010000000474974513,0.0123758465051651,0.19451110064983368,7.514257907867432
9109504,999.5399780273438,309.6933288574219,2664.0,0.49967411160469055,317.38140869140625,15.860397338867188,960.239990234375,310.7455139160156,974.1861572265625,0.33391129970550537,1.0,0.009213319048285484,0.0010000000474974513,0.012296111322939396,0.19310787320137024,7.739440441131592
9175040,997.5800170898438,308.33001708984375,2665.0,0.4946773648262024,345.4253845214844,15.74492073059082,963.2100219726562,312.07440185546875,971.827392578125,0.5353913903236389,1.0,0.009227324277162552,0.0010000000474974513,0.011533903889358044,0.19221848249435425,7.059830665588379
9240576,997.5599975585938,310.25067138671875,2665.0,0.4897305965423584,339.3665466308594,15.387049674987793,969.5800170898438,313.56982421875,974.280029296875,0.3273264765739441,1.0,0.009579464793205261,0.0010000000474974513,0.0104942936450243,0.19219115376472473,7.394294738769531
9306112,999.3900146484375,310.15570068359375,2665.0,0.484833300113678,313.91839599609375,15.128372192382812,945.9000244140625,305.85064697265625,980.234375,0.3277052640914917,1.0,0.009412575513124466,0.0010000000474974513,0.010623451322317123,0.19145748019218445,7.554282188415527
9371648,998.5499877929688,310.2032775878906,2666.0,0.47998496890068054,320.644775390625,15.090778350830078,953.1699829101562,304.6549072265625,964.396728515625,0.3389244079589844,1.0,0.009333036839962006,0.0010000000474974513,0.00951087474822998,0.19058042764663696,7.126054763793945
9437184,997.1500244140625,310.302734375,2666.0,0.4751850962638855,316.9270935058594,14.65955638885498,956.0499877929688,310.5356750488281,969.2446899414062,0.32056111097335815,1.0,0.009409459307789803,0.0010000000474974513,0.009333144873380661,0.18865574896335602,7.350478649139404
9502720,994.7999877929688,308.50311279296875,2667.0,0.4704332649707794,331.31365966796875,14.619254112243652,957.8400268554688,311.5622253417969,969.9500122070312,0.5307906866073608,1.0,0.009158795699477196,0.0010000000474974513,0.010136734694242477,0.18583735823631287,7.605743408203125
9568256,990.739990234375,306.6009826660156,2667.0,0.4657289385795593,333.5342712402344,14.538103103637695,956.260009765625,309.2976379394531,964.9044799804688,0.5774317979812622,1.0,0.009339312091469765,0.0010000000474974513,0.009229537099599838,0.18739773333072662,7.747443675994873
9633792,991.0599975585938,306.4481201171875,2667.0,0.461071640253067,322.0743713378906,14.427800178527832,958.5700073242188,311.3124694824219,971.2864990234375,0.3363773226737976,1.0,0.009736524894833565,0.0010000000474974513,0.01106049120426178,0.1871711164712906,7.561271667480469
9699328,999.489990234375,310.4490051269531,2668.0,0.4564609229564667,320.5594177246094,14.471648216247559,957.5900268554688,309.9217529296875,964.9462280273438,0.3512187600135803,1.0,0.009573817253112793,0.0010000000474974513,0.010770272463560104,0.18633760511875153,7.363714694976807
9764864,1004.9000244140625,310.4726867675781,2668.0,0.4518963098526001,313.56121826171875,14.513999938964844,967.8599853515625,311.79669189453125,973.7540893554688,0.42722439765930176,1.0,0.009587402455508709,0.0010000000474974513,0.010138949379324913,0.18589040637016296,6.364841461181641
9830400,1003.2100219726562,310.5700988769531,2669.0,0.44737735390663147,327.7367248535156,14.058992385864258,960.219970703125,312.09027099609375,978.1758422851562,0.36779677867889404,1.0,0.009321020916104317,0.0010000000474974513,0.010765347629785538,0.18440356850624084,7.265531063079834
9895936,998.3300170898438,310.7918395996094,2669.0,0.4429035782814026,320.1593017578125,13.84939956665039,962.9500122070312,314.62274169921875,972.7393798828125,0.3468807339668274,1.0,0.009244045242667198,0.0010000000474974513,0.009538022801280022,0.18354642391204834,7.4340901374816895
9961472,980.4500122070312,303.1129455566406,2669.0,0.43847453594207764,312.5354309082031,13.673532485961914,956.5800170898438,308.406005859375,962.6508178710938,0.6773210763931274,1.0,0.009240373969078064,0.0010000000474974513,0.012197298929095268,0.18328186869621277,7.74658203125
10027008,981.75,303.1136779785156,2670.0,0.4340897798538208,320.8916931152344,13.486940383911133,971.2899780273438,314.22052001953125,966.8043212890625,0.6660423278808594,1.0,0.00921986810863018,0.0010000000474974513,0.013052865862846375,0.18191936612129211,7.260124683380127
10092544,994.989990234375,311.21636962890625,2670.0,0.42974889278411865,318.18780517578125,13.188111305236816,962.2000122070312,315.15264892578125,977.4761962890625,0.3295767307281494,1.0,0.009370608255267143,0.0010000000474974513,0.010707135312259197,0.18235233426094055,7.457929611206055
10158080,990.9099731445312,308.723388671875,2671.0,0.425451397895813,313.8544006347656,13.154278755187988,962.239990234375,312.85980224609375,971.9791870117188,0.6198042035102844,1.0,0.009246349334716797,0.0010000000474974513,0.010534634813666344,0.18207168579101562,7.960689544677734
10223616,990.2000122070312,307.82080078125,2671.0,0.4211968779563904,315.70269775390625,13.20287036895752,961.3200073242188,312.0085754394531,971.2894897460938,0.609961748123169,1.0,0.0095081040635705,0.0010000000474974513,0.012275257147848606,0.18075235188007355,7.925596237182617
10289152,998.0700073242188,311.77020263671875,2671.0,0.4169849157333374,325.37091064453125,12.933122634887695,965.9099731445312,314.39617919921875,974.3945922851562,0.33167213201522827,1.0,0.00927518866956234,0.0010000000474974513,0.012223330326378345,0.1786927878856659,7.370706081390381
10354688,999.9500122070312,311.7937927246094,2671.0,0.41281506419181824,325.44671630859375,12.840169906616211,961.5800170898438,311.9603576660156,976.7213134765625,0.3556891679763794,1.0,0.00955682061612606,0.0010000000474974513,0.010215766727924347,0.17799104750156403,7.293173789978027
10420224,996.52001953125,309.6587829589844,2672.0,0.40868693590164185,316.00933837890625,12.739822387695312,966.8400268554688,311.6248779296875,972.9266967773438,0.6620960235595703,1.0,0.009133531711995602,0.0010000000474974513,0.010506360791623592,0.17715734243392944,7.381775379180908
10485760,992.3800048828125,309.78643798828125,2672.0,0.40460005402565,314.7128601074219,12.41093921661377,963.75,315.35760498046875,976.3176879882812,0.33387547731399536,1.0,0.00903235748410225,0.0010000000474974513,0.009293165057897568,0.17563089728355408,7.5323872566223145
10551296,992.3499755859375,311.755126953125,2672.0,0.4005540609359741,317.5292053222656,12.395076751708984,965.8200073242188,314.8627624511719,973.1570434570312,0.33021920919418335,1.0,0.009637654758989811,0.0010000000474974513,0.010638895444571972,0.17614278197288513,7.366002559661865
10616832,991.8400268554688,311.6361389160156,2673.0,0.3965485095977783,327.6465148925781,12.211756706237793,965.7899780273438,314.8305358886719,974.3606567382812,0.3440520167350769,1.0,0.009376800619065762,0.0010000000474974513,0.010109041817486286,0.17609849572181702,7.442936897277832
10682368,995.3599853515625,311.2822570800781,2673.0,0.39258304238319397,320.68310546875,12.340181350708008,953.239990234375,311.239013671875,968.3154907226562,0.3416534662246704,1.0,0.009225640445947647,0.0010000000474974513,0.009917125105857849,0.17621243000030518,7.447701930999756
10747904,995.25,311.208740234375,2674.0,0.38865721225738525,320.093994140625,12.267437934875488,947.8699951171875,308.79107666015625,967.4149169921875,0.3218056559562683,1.0,0.009787976741790771,0.0010000000474974513,0.010164128616452217,0.17640197277069092,7.651774883270264
10813440,992.0800170898438,311.6263427734375,2674.0,0.38477063179016113,315.07379150390625,12.154417037963867,958.7899780273438,312.4797668457031,964.9843139648438,0.33772218227386475,1.0,0.009606423787772655,0.0010000000474974513,0.011940205469727516,0.17603032290935516,7.425668716430664
10878976,994.22998046875,311.4604187011719,2674.0,0.38092291355133057,322.8984375,12.275300025939941,963.1400146484375,315.11767578125,970.4402465820312,0.35159552097320557,1.0,0.009454701095819473,0.0010000000474974513,0.010534672066569328,0.17612145841121674,7.272989749908447
10944512,996.7999877929688,311.2506103515625,2674.0,0.3771136999130249,324.3240051269531,12.173118591308594,960.260009765625,309.6206359863281,973.6174926757812,0.35149967670440674,1.0,0.00965140387415886,0.0010000000474974513,0.009675116278231144,0.17491291463375092,7.266382694244385
11010048,996.77001953125,311.37371826171875,2675.0,0.3733425438404083,318.5311584472656,11.859848022460938,964.489990234375,315.0110168457031,972.2645263671875,0.33892589807510376,1.0,0.009090241976082325,0.0010000000474974513,0.010502120479941368,0.1746210753917694,7.437620639801025
11075584,989.3800048828125,306.8014221191406,2675.0,0.36960911750793457,318.5099792480469,11.745584487915039,967.3400268554688,314.90557861328125,971.272705078125,0.6645873785018921,1.0,0.009268444031476974,0.0010000000474974513,0.012718063779175282,0.17409050464630127,7.704576015472412
11141120,983.260009765625,303.5188903808594,2675.0,0.3659130334854126,319.0528869628906,11.642813682556152,958.5800170898438,315.2702941894531,972.6270141601562,0.6260015964508057,1.0,0.00896107591688633,0.0010000000474974513,0.0031683633569628,0.1742001324892044,8.656001091003418
11206656,990.5999755859375,308.229248046875,2676.0,0.36225390434265137,316.5160827636719,11.570192337036133,964.1699829101562,314.81304931640625,970.8716430664062,0.3514159321784973,1.0,0.009257334284484386,0.0010000000474974513,0.011385883204638958,0.1747208684682846,7.326372146606445
11272192,995.260009765625,311.6270446777344,2676.0,0.3586313724517822,327.80908203125,11.366253852844238,948.7000122070312,311.9039306640625,971.8406372070312,0.3669307231903076,1.0,0.009451324120163918,0.0010000000474974513,0.010161362588405609,0.17386390268802643,7.474860191345215
11337728,989.0900268554688,312.0884094238281,2676.0,0.35504505038261414,320.4645080566406,11.320341110229492,955.1900024414062,311.9047546386719,962.3404541015625,0.32504528760910034,1.0,0.009287322871387005,0.0010000000474974513,0.010250454768538475,0.17278990149497986,7.7609429359436035
11403264,991.6799926757812,312.0105285644531,2676.0,0.35149461030960083,317.36285400390625,11.0621337890625,956.7899780273438,313.41668701171875,968.915771484375,0.31439656019210815,1.0,0.009470726363360882,0.0010000000474974513,0.010783462785184383,0.17198878526687622,7.6716227531433105
11468800,992.75,312.1872253417969,2677.0,0.34797966480255127,316.47509765625,10.942337036132812,955.02001953125,316.280029296875,968.609375,0.32584476470947266,1.0,0.00945974700152874,0.0010000000474974513,0.01075136847794056,0.17162588238716125,7.406195163726807
11534336,996.5800170898438,312.2103576660156,2677.0,0.3444998562335968,323.1716003417969,10.762636184692383,957.719970703125,316.4653625488281,968.0628051757812,0.34229958057403564,1.0,0.009539194405078888,0.0010000000474974513,0.008985343389213085,0.17065760493278503,7.363337516784668
11599872,995.02001953125,310.1598205566406,2678.0,0.34105485677719116,315.2952880859375,10.787262916564941,960.6300048828125,316.44415283203125,969.140625,0.49811357259750366,1.0,0.009322471916675568,0.0010000000474974513,0.011342205107212067,0.1705070286989212,8.083706855773926
11665408,988.7000122070312,305.5953369140625,2678.0,0.3376443088054657,332.92083740234375,10.735518455505371,952.5399780273438,311.7380676269531,969.272705078125,0.6329468488693237,1.0,0.009337842464447021,0.0010000000474974513,0.010966683737933636,0.16976486146450043,7.643127918243408
11730944,989.739990234375,307.78070068359375,2678.0,0.33426788449287415,327.39984130859375,10.668876647949219,949.77001953125,311.10394287109375,964.1619873046875,0.6038307547569275,1.0,0.009276166558265686,0.0010000000474974513,0.010330600664019585,0.1692953258752823,7.706306457519531
11796480,998.010009765625,312.9194030761719,2679.0,0.33092519640922546,326.1242980957031,10.559834480285645,962.1699829101562,313.1770324707031,966.8360595703125,0.3351912498474121,1.0,0.009513936936855316,0.0010000000474974513,0.009973723441362381,0.16979682445526123,7.367450714111328
11862016,999.7100219726562,310.32501220703125,2679.0,0.3276159465312958,322.05731201171875,10.359198570251465,957.4400024414062,313.3349304199219,974.6666870117188,0.6577085852622986,1.0,0.009444588795304298,0.0010000000474974513,0.011653460562229156,0.16958361864089966,8.229326248168945
11927552,993.7999877929688,307.53436279296875,2679.0,0.32433977723121643,319.4931335449219,10.466255187988281,970.280029296875,316.5224304199219,966.5828857421875,0.6768234968185425,1.0,0.009134001098573208,0.0010000000474974513,0.010939719155430794,0.1690351665019989,8.30091667175293
11993088,992.1699829101562,307.2981872558594,2679.0,0.32109639048576355,329.951171875,10.35310173034668,956.4099731445312,304.6948547363281,978.4420166015625,0.5762622952461243,1.0,0.009233993478119373,0.0010000000474974513,0.010989139787852764,0.16840854287147522,7.989916801452637
12058624,1001.25,313.1885070800781,2680.0,0.3178854286670685,318.32391357421875,10.257569313049316,958.030029296875,309.5139465332031,970.8333129882812,0.37599074840545654,1.0,0.00942835584282875,0.0010000000474974513,0.010035162791609764,0.1681220531463623,7.203039646148682
12124160,996.2100219726562,310.2597961425781,2680.0,0.31470656394958496,320.2083435058594,10.12031078338623,969.3300170898438,314.5037841796875,967.9027099609375,0.6231728792190552,1.0,0.009465031325817108,0.0010000000474974513,0.011094660498201847,0.16754043102264404,7.413798809051514
12189696,999.1500244140625,313.15155029296875,2680.0,0.3115594983100891,328.3390808105469,9.917134284973145,958.6300048828125,313.8094177246094,978.7857055664062,0.35431599617004395,1.0,0.009206054732203484,0.0010000000474974513,0.012246297672390938,0.16580414772033691,7.498265266418457
12255232,998.6900024414062,313.0716552734375,2680.0,0.30844390392303467,323.90850830078125,9.826269149780273,966.0,316.8784484863281,971.6065673828125,0.3739194869995117,1.0,0.009402005933225155,0.0010000000474974513,0.010051012970507145,0.1659802794456482,7.303991317749023
12320768,1000.4199829101562,313.0052795410156,2680.0,0.30535945296287537,320.2673645019531,9.625903129577637,966.8099975585938,316.98876953125,976.2251586914062,0.36349087953567505,1.0,0.009350746870040894,0.0010000000474974513,0.009757054969668388,0.16632682085037231,7.590940952301025
12386304,991.02001953125,308.9499816894531,2681.0,0.3023058772087097,316.8564147949219,9.618887901306152,958.989990234375,315.82928466796875,971.1774291992188,0.677428662776947,1.0,0.009414641186594963,0.0010000000474974513,0.010443493723869324,0.16518697142601013,7.079432487487793
12451840,1000.3099975585938,313.24713134765625,2681.0,0.29928281903266907,319.4530029296875,9.597899436950684,964.7999877929688,317.5218505859375,972.9000244140625,0.36409664154052734,1.0,0.00951353833079338,0.0010000000474974513,0.010120750404894352,0.1646139919757843,7.545538902282715
12517376,997.6500244140625,313.4169616699219,2681.0,0.29628998041152954,325.2259826660156,9.32337474822998,964.8900146484375,315.0743103027344,974.6021728515625,0.3470555543899536,1.0,0.009510759264230728,0.0010000000474974513,0.010150422342121601,0.16428329050540924,7.609711647033691
12582912,995.72998046875,313.573486328125,2681.0,0.29332709312438965,330.74359130859375,9.2017822265625,966.52001953125,317.55755615234375,975.4644775390625,0.3439812660217285,1.0,0.009364926256239414,0.0010000000474974513,0.009863605722784996,0.16482087969779968,7.611320495605469
12648448,996.239990234375,313.631103515625,2682.0,0.29039379954338074,326.75128173828125,9.208063125610352,967.9600219726562,317.5243225097656,975.9783935546875,0.3291180729866028,1.0,0.00905897468328476,0.0010000000474974513,0.010224567726254463,0.1633092612028122,7.503661155700684
12713984,984.02001953125,309.8751220703125,2682.0,0.2874898612499237,337.8081359863281,9.074104309082031,965.1699829101562,317.85357666015625,966.1629028320312,0.6251684427261353,1.0,0.009497596882283688,0.0010000000474974513,0.011680825613439083,0.16409173607826233,7.791913032531738
12779520,946.0499877929688,293.89385986328125,2682.0,0.2846149802207947,311.3748779296875,9.14714527130127,952.530029296875,314.09124755859375,950.3141479492188,0.8614599108695984,1.0,0.009664998389780521,0.0010000000474974513,0.011523047462105751,0.16372060775756836,8.094255447387695
12845056,982.7899780273438,310.8164978027344,2682.0,0.2817688286304474,335.9322204589844,8.874154090881348,959.52001953125,318.13311767578125,966.3277587890625,0.28156763315200806,1.0,0.009454900398850441,0.0010000000474974513,0.010211517103016376,0.1635044515132904,7.774613380432129
12910592,989.4000244140625,314.1515197753906,2683.0,0.27895113825798035,319.37347412109375,8.63654613494873,958.3900146484375,317.46484375,968.8429565429688,0.30878162384033203,1.0,0.009650122374296188,0.0010000000474974513,0.011319862678647041,0.161863774061203,7.747238636016846
12976128,989.2100219726562,313.7314453125,2683.0,0.27616164088249207,325.4766845703125,8.443718910217285,953.3699951171875,314.3833312988281,967.721923828125,0.32410508394241333,1.0,0.009547365829348564,0.0010000000474974513,0.009363161399960518,0.1613677442073822,7.804027080535889
13041664,988.489990234375,313.6493225097656,2683.0,0.2734000086784363,349.3213195800781,8.445470809936523,960.8400268554688,317.4115905761719,965.9595336914062,0.3453778624534607,1.0,0.00936802476644516,0.0010000000474974513,0.010321374982595444,0.16119413077831268,7.974465847015381
13107200,988.1799926757812,313.6248779296875,2683.0,0.2706660032272339,320.6306457519531,8.382131576538086,948.8699951171875,314.9072570800781,969.6492309570312,0.3453778624534607,1.0,0.00936802476644516,0.0010000000474974513,0.010321374982595444,0.16119413077831268,7.974465847015381
